Model,Accuracy,Precision,Recall,F1,ROC_AUC
Random Forest,0.999182,0.979368,0.999451,0.989308,0.999995
XGBoost,0.999899,0.999175,0.998169,0.998672,1.0
LightGBM,0.999723,0.993088,0.999634,0.99635,0.999999
