Metric,Value
Accuracy,0.9997225536165136
Precision,0.9930883957802837
Recall,0.9996338337605273
F1 Score,0.9963503649635036
ROC AUC,0.9999988074717131
