,Accuracy,Precision,Recall,F1,ROC AUC
Random Forest,0.9991815331687152,0.9793684965913169,0.9994507506407909,0.9893077201884741,0.9999949890053776
