Accuracy,Precision,Recall,F1,ROC_AUC
0.999934106483922,0.9994503984611157,0.9988099597217136,0.9991300764617005,0.9993941659325172
