Metric,Value
Accuracy,0.9998994256859862
Precision,0.9991752955191057
Recall,0.9981691688026364
F1 Score,0.99867197875166
ROC AUC,0.9999995490896778
